Website,Name,Price,Ratings,Time,Link
Snapdeal,JAGAT - mint Toothpaste 50 gm Pack of 4,140,4.3,Generally delivered in 5 - 9 days,https://www.snapdeal.com/product/jagat-mint-toothpaste-100-gm/663928846214
Snapdeal,JAGAT - Charcoal Toothpaste 100 gm Pack of 2,186,4.3,Generally delivered in 5 - 9 days,https://www.snapdeal.com/product/jagat-charcoal-toothpaste-100-gm/672109454353
Snapdeal,Apollo Noni Whitening Toothpaste,169,4.1,Generally delivered in 5 - 9 days,https://www.snapdeal.com/product/apollo-noni-whitening-toothpaste/638811894037
Snapdeal,"Kuraiy Whitening Toothpaste 60ml, Remove Smoke Stains Oral Hygiene, Dental Care",229,4.3,Generally delivered in 6 - 10 days,https://www.snapdeal.com/product/kuraiy-whitening-toothpaste-gel/648845308146
Snapdeal,Park Daniel Toothbrush + Activated Charcoal Tooth Powder - Toothpaste 50 gm Pack of 2,299,4.5,Generally delivered in 5 - 9 days,https://www.snapdeal.com/product/park-daniel-toothbrush-activated-charcoal/680518488772
Snapdeal,Ultra Pure - Vedic Mouth Freshener Toothpaste-Fluoride Free Toothpaste 100 gm Pack of 2,219,4.4,Generally delivered in 5 - 9 days,https://www.snapdeal.com/product/ultra-pure-vedic-mouth-freshener/645220333204
Snapdeal,The Mouth Company - Toothpaste Gel 20 gm,120,3.6,Generally delivered in 5 - 9 days,https://www.snapdeal.com/product/the-mouth-company-toothpaste-gel/620860180656
Snapdeal,Kuraiy Teeth Whitening Essence Powder Clean Oral Hygien Fresh Breath Oral Hygiene Dental Tools,210,4.4,Generally delivered in 6 - 10 days,https://www.snapdeal.com/product/kuraiy-whitening-toothpaste-gel/651011783021
Snapdeal,EMOFORM R - Toothpaste 100 gm Pack of 2,234,4.3,Generally delivered in 6 - 10 days,https://www.snapdeal.com/product/emoform-r-toothpaste-150-gm/629553267979
Snapdeal,The Mouth Company - Charcoal Toothpaste 75 gm,169,4.3,Generally delivered in 5 - 9 days,https://www.snapdeal.com/product/the-mouth-company-charcoal-toothpaste/621042555645
Snapdeal,EMOFORM R - Toothpaste 150 gm Pack of 3,467,4.4,Generally delivered in 6 - 10 days,https://www.snapdeal.com/product/emoform-r-toothpaste-150-gm/653948622144
Snapdeal,Pink Square Premium Teeth Whitening Charcoal Tooth Powder- Remove - dark Stain Toothpaste 50 GM gm,180,4.2,Generally delivered in 5 - 9 days,https://www.snapdeal.com/product/pink-square-premium-teeth-whitening/641343585389
Snapdeal,Kuraiy New Teeth Whitening Powder Oral Hygiene Cleaning Remove Bleaching Hygiene Tooth Care,213,4.7,Generally delivered in 6 - 10 days,https://www.snapdeal.com/product/kuraiy-whitening-toothpaste-gel/629490254403
Snapdeal,Kuraiy Teeth Whitening Powder Oral Hygiene Cleaning Remove Bleaching Hygiene Tooth Care,219,4.1,Generally delivered in 6 - 10 days,https://www.snapdeal.com/product/kuraiy-whitening-toothpaste-gel/649995471502
Snapdeal,Mpil Wellness Neemelia Fresh ToothpasteFor Healthygums & Strong Teeth 100gm,216,5.0,Generally delivered in 5 - 9 days,https://www.snapdeal.com/product/mpil-wellness-gum-health-toothpaste/680416319680
Snapdeal,Vithoba Total Health Toothpaste Pack of 2,99,5.0,Generally delivered in 6 - 10 days,https://www.snapdeal.com/product/vithoba-total-health-toothpaste-pack/659563534552
Snapdeal,EMOFORM R - Toothpaste 100 gm Pack of 3,351,4.2,Generally delivered in 6 - 10 days,https://www.snapdeal.com/product/emoform-r-toothpaste-100-gm/646343838722
Snapdeal,Apollo Noni Whitening Toothpaste,199,4.3,Generally delivered in 5 - 9 days,https://www.snapdeal.com/product/apollo-noni-whitening-toothpaste/639568559742
Snapdeal,Kuraiy Teeth Whitening Powder Smoke Coffee Tea Stain Powder Oral Hygiene Tooth Care,229,3.9,Generally delivered in 6 - 10 days,https://www.snapdeal.com/product/kuraiy-whitening-toothpaste-gel/663691529789
Snapdeal,Enshine Insta Sensitivity Toothpaste for Fast Relief from Sensitivity 50g Pack of 4,288,4.5,Generally delivered in 5 - 9 days,https://www.snapdeal.com/product/enshine-sensitivity-relief-toothpaste/661263079148
